{
  "timestamp": "2025-11-23T11:03:11.581794",
  "rms_db": -68.19282975928013,
  "peak_db": -57.395323977416886
}